ID,Title,Skills Acquired,Prob Skills Acquired,Skills Required,Prob Skills Required,Hours dedicated,Money,Topics,URL
1,"Discover the Environment, Health & Safety modules in SAP S/4HANA","Develop organisational methods or procedures;;Develop data analysis or data management procedures;;Monitor organisational procedures to ensure proper functioning;;Prepare technical or operational reports;;Develop procedures for data management;;Monitor organisational processes;;Manage control system activities in organisations;;Monitor work areas or procedures to ensure compliance with safety procedures;;Monitor operational procedures in technical environments;;Prepare operational reports;;Manage organisational security activities;;Prepare operational reports or records;;Apply new technologies to improve work processes;;Inspect work environments to ensure safety;;Investigate safety of work environment;;Monitor operational activities to ensure compliance with regulations or standard operating procedures;;Train staff on proper operational procedures;;Monitor operations to ensure compliance with safety or security policies or regulations;;Consult with others regarding health and safety associated with equipment or facilities;;Develop technical methods or processes;;Develop procedures to evaluate organisational activities;;Manage information technology projects or system activities;;Develop safety standards, policies or procedures;;Implement organisational process or policy changes;;Enterprise resource planning ERP software;;Establish business management methods;;Prepare operational progress or status reports;;Develop operating strategies, plans or procedures;;Train staff in organisational or compliance procedures;;Monitor work environment to ensure safety or adherence to specifications;;Develop health care quality and safety procedures;;Apply information technology to solve business or other applied problems;;Oversee business processes;;Direct organisational operations, projects or services;;Human resources software;;Enterprise system management software;;Maintain knowledge of business operations;;Prepare reports related to compliance matters;;Inspect work sites to identify potential environmental or safety hazards;;Advise others on management of emergencies or hazardous situations or materials;;Train employees on environmental awareness, conservation or safety topics;;Recommend organisational process or policy changes;;Monitor processes for compliance with standards;;Document organisational or operational procedures;;Conduct health or safety training programs;;Document operational activities;;Monitor operational quality or safety;;Business intelligence and data analysis software;;Develop sustainable organisational policies or practices;;Analyse data to identify or resolve operational problems;;Confer with other staff to resolve design or operational problems;;Prepare technical reports for internal use;;Research industrial processes or operations;;Write operational reports;;Monitor external affairs or events affecting business operations;;Provide technical support for software maintenance or use;;Develop computer or information security policies or procedures;;Recommend technical design or process changes to improve efficiency, quality or performance;;Develop organisational policies or programs;;Develop performance metrics or standards related to information technology;;Direct quality control activities;;Confer with others to resolve production problems or equipment malfunctions;;Implement design or process improvements;;Develop guidelines for system implementation;;Supervise information technology staff;;Train employees in proper work procedures;;Manage operations, research or logistics projects;;Facilities management software;;Assess risks to business operations;;Gather organisational performance information;;Manage environmental sustainability projects;;Implement security measures for computer or information systems;;Develop environmental sustainability plans or projects;;Maintain operational records;;Advise others on health and safety issues;;Evaluate staff practices to ensure adherence to regulations;;Inspect products or operations to ensure that standards are met;;Maintain data in information systems or databases;;Teach safety standards or environmental compliance methods;;Advise customers on technical or procedural issues;;Develop diagrams or flow charts of system operation;;Analyse data to inform operational decisions or activities;;Develop operating strategies, plans or procedures for green or sustainable operations;;Direct emergency management activities;;Communicate organisational information to customers or other stakeholders;;Identify opportunities to improve operational efficiency;;Develop procedures for data entry or processing;;Confer with customers or users to assess problems;;Monitor facilities or operational systems",0.592;;0.565;;0.563;;0.558;;0.555;;0.555;;0.549;;0.543;;0.537;;0.537;;0.535;;0.534;;0.528;;0.528;;0.526;;0.522;;0.522;;0.518;;0.518;;0.518;;0.512;;0.511;;0.511;;0.510;;0.510;;0.510;;0.509;;0.507;;0.504;;0.503;;0.501;;0.500;;0.499;;0.495;;0.494;;0.493;;0.491;;0.490;;0.490;;0.490;;0.489;;0.488;;0.487;;0.486;;0.484;;0.483;;0.482;;0.482;;0.481;;0.481;;0.480;;0.480;;0.479;;0.479;;0.479;;0.478;;0.475;;0.474;;0.472;;0.472;;0.471;;0.470;;0.469;;0.469;;0.469;;0.468;;0.467;;0.467;;0.466;;0.466;;0.465;;0.464;;0.462;;0.462;;0.462;;0.462;;0.461;;0.460;;0.460;;0.460;;0.458;;0.457;;0.456;;0.455;;0.452;;0.451;;0.451;;0.450;;0.450,,,6,0,,https://learning.sap.com/learning-journey/discover-the-environment-health-safety-modules-in-sap-s-4hana
2,Overview of Financials in SAP S/4HANA,"Manage financial activities of the organisations;;Analyse budgetary, accounting or business data;;Develop financial analysis methods;;Prepare financial documents, reports or budgets;;Direct financial operations;;Develop business or financial information systems;;Analyse business or financial data",0.488;;0.481;;0.476;;0.475;;0.473;;0.467;;0.463,,,10,0,,https://learning.sap.com/learning-journey/overview-of-financials-in-sap-s-4hana
3,"Onboard with SAP Activate for SAP S/4HANA Cloud, Public Edition",,,,,25,0,,https://learning.sap.com/learning-journey/onboard-with-sap-activate-for-sap-s-4hana-cloud-public-edition
4,Explore SAP Datasphere,Develop procedures for data management;;Business intelligence and data analysis software;;Develop data analysis or data management procedures,0.485;;0.479;;0.474,,,2,0,,https://learning.sap.com/learning-journey/explore-sap-datasphere
5,"Implement SAP S/4HANA Cloud, Public Edition for Service","Sales and marketing software;;Direct organisational operations, projects or services;;Provide technical support for software maintenance or use;;Financial and commodities services software;;Customer relationship management CRM software;;Advise customers on technical or procedural issues;;Present business-related information;;Accounting software;;Issue documentation or identification to customers or employees;;Read technical information needed to perform maintenance or repairs;;Customise financial goods or services to meet customer needs;;Enterprise resource planning ERP software",0.504;;0.503;;0.482;;0.478;;0.477;;0.477;;0.471;;0.470;;0.466;;0.463;;0.451;;0.450,,,51,0,,https://learning.sap.com/learning-journey/implement-sap-s-4hana-cloud-public-edition-for-service
6,Discovering SAP Fieldglass Contingent Workforce Management,Configuration management software,0.488,,,28,0,,https://learning.sap.com/learning-journey/discovering-sap-fieldglass-contingent-workforce-management
7,Discovering SAP BusinessObjects Web Intelligence,Business intelligence and data analysis software;;Prepare analytical reports;;Database reporting software,0.589;;0.483;;0.457,,,20,0,,https://learning.sap.com/learning-journey/discovering-sap-businessobjects-web-intelligence
8,Outlining the Finance Overview in SAP S/4HANA,"Reconcile records of sales or other financial transactions;;Maintain records of sales or other business transactions;;Accounting software;;Examine financial records or processes;;Prepare operational reports or records;;Prepare technical or operational reports;;Prepare operational reports;;Prepare financial documents, reports or budgets;;Analyse budgetary, accounting or business data;;Maintain financial or account records;;Manage financial activities of the organisations;;Write operational reports;;Analyse financial records or reports to determine state of operations;;Examine financial records;;Direct financial operations;;Gather financial records;;Analyse financial records to improve budgeting or planning;;Prepare analytical reports;;Prepare reports related to compliance matters;;Financial analysis software;;Analyse financial information;;Financial and commodities services software;;Prepare technical reports for internal use;;Record sales or transactions data;;Analyse financial records to improve efficiency;;Analyse business or financial data;;Present business-related information;;Develop financial analysis methods;;Develop business or financial information systems;;Execute sales or other financial transactions;;Prepare operational budgets;;Conduct financial audits;;Prepare financial documents;;Document organisational or operational procedures;;Business intelligence and data analysis software;;Store records or related materials",0.573;;0.555;;0.545;;0.544;;0.541;;0.540;;0.539;;0.526;;0.522;;0.519;;0.518;;0.513;;0.512;;0.510;;0.506;;0.506;;0.497;;0.495;;0.494;;0.494;;0.493;;0.490;;0.489;;0.488;;0.486;;0.483;;0.479;;0.474;;0.474;;0.470;;0.463;;0.463;;0.459;;0.458;;0.456;;0.452,,,7,0,,https://learning.sap.com/learning-journey/outlining-the-finance-overview-in-sap-s-4hana
9,Use SAP Service Cloud,Gather information in order to provide services to clients;;Prepare instruction manuals;;Collect data about customer needs;;Discuss service options or needs with clients;;Provide customers with general information or assistance;;Financial and commodities services software;;Explain technical product or service information to customers;;Explain use of products or services;;Develop procedures for data entry or processing;;Study product information to acquire professional knowledge;;Provide customer service to clients or users;;Maintain client information or service records;;Advise customers on technical or procedural issues;;Develop training materials,0.538;;0.489;;0.483;;0.483;;0.481;;0.472;;0.463;;0.460;;0.458;;0.458;;0.457;;0.456;;0.453;;0.452,,,4,0,,https://learning.sap.com/learning-journey/use-sap-service-cloud
10,Outlining the Record to Report Process in SAP S/4HANA,"Prepare operational reports or records;;Prepare operational reports;;Prepare technical or operational reports;;Write operational reports;;Accounting software;;Develop procedures for data entry or processing;;Present business-related information;;Prepare reports related to compliance matters;;Maintain financial or account records;;Analyse financial records or reports to determine state of operations;;Prepare financial documents, reports or budgets;;Prepare analytical reports;;Prepare technical reports for internal use;;Document operational procedures;;Analyse budgetary, accounting or business data;;Document organisational or operational procedures;;Develop procedures for data management;;Develop business or financial information systems;;Analyse financial records to improve efficiency;;Examine financial records or processes;;Gather financial records;;Reconcile records of sales or other financial transactions;;Database reporting software;;Prepare financial documents;;Analyse financial records to improve budgeting or planning;;Explain financial information to customers;;Business intelligence and data analysis software;;Manage financial activities of the organisations;;Develop operating strategies, plans or procedures;;Monitor financial information;;Develop data analysis or data management procedures;;Determine operational procedures;;Prepare administrative documents;;Maintain operational records;;Record personnel information;;Prepare operational progress or status reports;;Document operational activities;;Prepare documentation for contracts, transactions or regulatory compliance;;Direct financial operations;;Financial and commodities services software;;Prepare contracts, disclosures or applications;;Conduct financial audits;;Record production information;;Record operational or production data",0.602;;0.573;;0.568;;0.566;;0.553;;0.539;;0.536;;0.532;;0.532;;0.521;;0.521;;0.515;;0.514;;0.501;;0.501;;0.497;;0.486;;0.485;;0.484;;0.472;;0.470;;0.470;;0.470;;0.469;;0.468;;0.467;;0.467;;0.467;;0.463;;0.460;;0.459;;0.458;;0.457;;0.456;;0.455;;0.454;;0.454;;0.454;;0.453;;0.452;;0.452;;0.451;;0.451;;0.450,"Manage financial activities of the organisations;;Analyse financial records to improve budgeting or planning;;Prepare financial documents, reports or budgets;;Analyse financial records or reports to determine state of operations;;Analyse financial information",0.497;;0.473;;0.467;;0.466;;0.455,11,0,,https://learning.sap.com/learning-journey/outlining-the-record-to-report-process-in-sap-s-4hana
11,Integrate SAP Sales Cloud and SAP Service Cloud with SAP S/4HANA,Sales and marketing software,0.451,,,8,0,,https://learning.sap.com/learning-journey/integrate-sap-sales-cloud-and-sap-service-cloud-with-sap-s-4hana
12,Developing with SAP Integration Suite,Enterprise application integration software,0.472,,,5,0,,https://learning.sap.com/learning-journey/developing-with-sap-integration-suite
13,Leverage SAP S/4HANA Updates and Upgrades with Zero Downtime Option of SUM,Develop procedures for data management;;Develop diagrams or flow charts of system operation,0.488;;0.451,,,9,0,,https://learning.sap.com/learning-journey/leverage-sap-s-4hana-updates-and-upgrades-with-zero-downtime-option-of-sum
14,Getting Started with UX,,,,,8,0,,https://learning.sap.com/learning-journey/getting-started-with-ux
15,Explore Product Engineering in SAP S/4HANA,"Read work orders or other instructions to determine product specifications or materials requirements;;Estimate material requirements for production;;Analyse design or requirements information for mechanical equipment or systems;;Estimate cost or material requirements;;Develop equipment or component configurations;;Read work orders to determine material or setup requirements;;Plan and manage, and analyse costs and benefits of, proposed designs or projects;;Develop specifications for new products or processes;;Estimate costs of goods, services or materials;;Review blueprints or specifications to determine work requirements;;Estimate materials requirements for projects;;Calculate specific material, equipment or labour requirements;;Materials requirements planning, logistics and supply chain software;;Evaluate technical data to determine effect on designs or plans;;Calculate requirements for equipment installation or repair projects;;Research industrial processes or operations;;Develop technical specifications for systems or equipment;;Determine technical requirements of productions or projects;;Estimate technical or resource requirements for development or production projects;;Estimate costs for labour or materials;;Analyse project data to determine specifications or requirements;;Study product information to acquire professional knowledge;;Evaluate plans or specifications to determine technological or environmental implications;;Determine types of equipment, tools, or materials needed for jobs;;Determine design criteria or specifications;;Create models of engineering designs or methods;;Document technical design details;;Study blueprints or other instructions to determine equipment setup requirements;;Develop diagrams or flow charts of system operation;;Evaluate project designs to determine adequacy or feasibility;;Assess the cost effectiveness of products, projects or services;;Analyse design requirements for computer or electronics systems;;Confer with customers or designers to determine order specifications;;Cost modelling software;;Confer with technical staff to prepare designs or operational plans;;Design industrial equipment;;Evaluate projects to determine compliance with technical specifications;;Explain engineering drawings, specifications or other technical information;;Study scripts to determine project requirements;;Create diagrams or blueprints for work pieces or products;;Evaluate reports or designs to determine work needs;;Estimate operational costs;;Design industrial processing systems;;Evaluate designs or specifications to ensure quality;;Fabricate parts or components;;Research advanced engineering designs or applications;;Implement design or process improvements;;Evaluate characteristics of equipment or systems;;Select tools, equipment, or technologies for use in operations or projects;;Recommend technical design or process changes to improve efficiency, quality or performance;;Develop technical methods or processes;;Direct quality control activities;;Discuss design or technical features of goods or services with technical staff;;Estimate costs of goods or services;;Direct design or development activities;;Review blueprints or other instructions to determine operational methods or sequences;;Prepare technical or operational reports;;Inspect facilities or equipment to ensure specifications are met;;Set up material handling gear or equipment;;Assemble products or production equipment;;Analyse data to determine project feasibility;;Design electronic or computer equipment or instrumentation;;Document design or development procedures;;Fabricate products or components using machine tools;;Explain technical product or service information to customers;;Develop data analysis or data management procedures;;Compare physical characteristics of materials or products to specifications or standards;;Evaluate quality of materials or products;;Evaluate potential of products, technologies or resources;;Determine operational criteria or specifications;;Model operational processes;;Select production equipment according to product specifications;;Identify information technology project resource requirements;;Develop new or advanced products or production methods;;Develop guidelines for system implementation;;Interpret blueprints, specifications or diagrams;;Prepare operational reports;;Develop operating strategies, plans or procedures;;Develop database parameters or specifications;;Investigate system, equipment or product failures",0.619;;0.597;;0.591;;0.585;;0.575;;0.572;;0.565;;0.561;;0.561;;0.557;;0.550;;0.548;;0.545;;0.543;;0.541;;0.541;;0.539;;0.528;;0.525;;0.525;;0.525;;0.524;;0.521;;0.516;;0.516;;0.516;;0.514;;0.511;;0.511;;0.509;;0.505;;0.503;;0.497;;0.497;;0.494;;0.492;;0.489;;0.486;;0.484;;0.484;;0.483;;0.483;;0.483;;0.481;;0.480;;0.478;;0.477;;0.475;;0.475;;0.472;;0.469;;0.469;;0.469;;0.468;;0.467;;0.467;;0.467;;0.466;;0.466;;0.464;;0.463;;0.461;;0.461;;0.460;;0.460;;0.459;;0.459;;0.459;;0.458;;0.458;;0.457;;0.456;;0.456;;0.456;;0.456;;0.455;;0.455;;0.452;;0.452;;0.451,,,4,0,,https://learning.sap.com/learning-journey/explore-product-engineering-in-sap-s-4hana
16,Develop Advanced Extensions with SAP Cloud SDK,,,,,12,0,,https://learning.sap.com/learning-journey/develop-advanced-extensions-with-sap-cloud-sdk
17,Explore SAP Cloud ERP,,,,,9,0,,https://learning.sap.com/learning-journey/explore-sap-cloud-erp
18,Develop SAPUI5 Applications,Document technical design details;;Develop procedures for data management,0.483;;0.467,,,12,0,,https://learning.sap.com/learning-journey/develop-sapui5-applications
19,"Implement SAP S/4HANA Cloud, Public Edition for Sourcing and Procurement","Coordinate resource procurement activities;;Direct organisational operations, projects or services;;Negotiate purchases or contracts;;Negotiate contracts for transportation, distribution or logistics services;;Manage operations, research or logistics projects;;Coordinate activities with suppliers, contractors, clients, or other departments",0.556;;0.498;;0.463;;0.459;;0.457;;0.451,,,44,0,,https://learning.sap.com/learning-journey/implement-sap-s-4hana-cloud-public-edition-for-sourcing-and-procurement
20,Discover SAP Business Technology Platform,Business intelligence and data analysis software;;Enterprise resource planning ERP software;;Enterprise system management software,0.533;;0.494;;0.451,,,5,0,,https://learning.sap.com/learning-journey/discover-sap-business-technology-platform
21,"Implement SAP S/4HANA Cloud, Public Edition for Manufacturing","Materials requirements planning, logistics and supply chain software;;Direct quality control activities;;Plan production or operational procedures or sequences;;Coordinate logistics or other business operations;;Maintain supply or equipment inventories;;Confer with customers or designers to determine order specifications;;Maintain inventories of materials, equipment or products;;Develop operating strategies, plans or procedures;;Direct operational or production activities;;Research industrial processes or operations;;Business intelligence and data analysis software;;Assemble products or production equipment;;Develop new or advanced products or production methods;;Arrange delivery of goods or services;;Schedule product or material transportation;;Take product orders;;Read work orders or other instructions to determine product specifications or materials requirements;;Procure stocks of merchandise or supplies;;Recommend technical design or process changes to improve efficiency, quality or performance;;Develop diagrams or flow charts of system operation;;Develop procedures for data entry or processing;;Coordinate resource procurement activities;;Manage inventories of products or organisational resources;;Analyse data to inform operational decisions or activities;;Read work orders to determine material or setup requirements;;Inventory management software;;Stock products or parts;;Direct industrial production activities;;Coordinate activities with suppliers, contractors, clients, or other departments;;Model operational processes;;Direct technical activities or operations;;Develop operating strategies, plans or procedures for green or sustainable operations;;Develop specifications for new products or processes;;Develop equipment or component configurations;;Design industrial processing systems;;Install production equipment or systems;;Evaluate logistics methods to reduce environmental impact;;Develop data analysis or data management procedures;;Sales and marketing software;;Prepare sales or other contracts;;Prepare analytical reports;;Estimate material requirements for production;;Plan work operations;;Develop procedures for data management;;Evaluate potential of products, technologies or resources;;Build production moulds;;Implement design or process improvements;;Develop guidelines for system implementation;;Operate packing or other material-processing equipment;;Process sales or other transactions;;Load materials into production equipment;;Develop organisational methods or procedures;;Stock supplies, merchandise, food or drink;;Coordinate logistics for productions or events;;Identify opportunities to improve operational efficiency;;Review blueprints or other instructions to determine operational methods or sequences;;Advise others on ways to improve processes or products;;Prepare drawings or diagrams of goods or services;;Implement organisational process or policy changes;;Program equipment to perform production tasks;;Determine resource needs;;Determine operational procedures;;Direct organisational operations, projects or services;;Oversee business processes;;Collaborate with others to determine production details;;Financial and commodities services software;;Plan work procedures;;Prepare instruction manuals;;Calculate data to inform organisational operations;;Move products, materials or equipment between work areas;;Customise financial goods or services to meet customer needs;;Order materials, supplies, or equipment;;Establish business management methods;;Manage operations, research or logistics projects;;Coordinate operational activities;;Maintain production or processing equipment;;Advise customers on technical or procedural issues;;Prepare operational reports;;Enterprise resource planning ERP software;;Analyse budgetary, accounting or business data",0.618;;0.602;;0.577;;0.562;;0.551;;0.546;;0.542;;0.541;;0.540;;0.537;;0.532;;0.530;;0.522;;0.520;;0.517;;0.517;;0.515;;0.510;;0.509;;0.508;;0.505;;0.503;;0.501;;0.499;;0.498;;0.497;;0.497;;0.496;;0.494;;0.492;;0.490;;0.489;;0.489;;0.487;;0.486;;0.485;;0.483;;0.482;;0.482;;0.482;;0.481;;0.481;;0.481;;0.481;;0.480;;0.479;;0.479;;0.479;;0.478;;0.478;;0.476;;0.476;;0.476;;0.475;;0.475;;0.474;;0.473;;0.471;;0.469;;0.468;;0.465;;0.465;;0.464;;0.463;;0.462;;0.461;;0.460;;0.459;;0.459;;0.457;;0.456;;0.455;;0.454;;0.454;;0.453;;0.452;;0.452;;0.452;;0.451;;0.450,,,100,0,,https://learning.sap.com/learning-journey/implement-sap-s-4hana-cloud-public-edition-for-manufacturing
22,Explore SAP Analytics Cloud with Story Design,,,,,25,0,,https://learning.sap.com/learning-journey/explore-sap-analytics-cloud-with-story-design
23,"Implement SAP S/4HANA Cloud, Public Edition for Asset Management",Provide customers with general information or assistance;;Discuss service options or needs with clients;;Provide customer service to clients or users;;Direct administrative or support services,0.492;;0.474;;0.466;;0.452,,,43,0,,https://learning.sap.com/learning-journey/implement-sap-s-4hana-cloud-public-edition-for-asset-management
24,Master the Technical Essentials of SAP Commerce Cloud,Develop promotional strategies or plans;;Customise financial goods or services to meet customer needs;;Sales and marketing software;;Develop promotional materials;;Recommend goods or services to customers;;Discuss goods or services information with customers or patrons;;Answer customer questions about goods or services;;Provide customers with general information or assistance;;Assist customers with product selection,0.508;;0.488;;0.480;;0.467;;0.461;;0.456;;0.455;;0.454;;0.452,,,18,0,,https://learning.sap.com/learning-journey/master-the-technical-essentials-of-sap-commerce-cloud
25,Configure SAP SuccessFactors Employee Central Core,,,Business intelligence and data analysis software;;Analyse data to assess operational or project effectiveness;;Sales and marketing software;;Gather organisational performance information,0.487;;0.464;;0.460;;0.454,34,0,,https://learning.sap.com/learning-journey/configure-sap-successfactors-employee-central-core
26,"Implement SAP S/4HANA Cloud, Public Edition for Transportation Management",Provide transportation information to passengers or customers;;Resolve issues affecting transportation operations;;Direct passenger or freight transport activities,0.495;;0.483;;0.470,,,37,0,,https://learning.sap.com/learning-journey/implement-sap-s-4hana-cloud-public-edition-for-transportation-management
27,Get Started with SAP Emarsys Customer Engagement,Contact current or potential customers to promote goods or services;;Create marketing materials;;Develop promotional materials;;Customer relationship management CRM software;;Develop promotional strategies or plans;;Sales and marketing software;;Perform marketing activities;;Train customers in the use of products;;Develop marketing plans or strategies;;Collect data about customer needs;;Implement advertising or marketing initiatives;;Identify potential customers;;Deliver promotional presentations to current or prospective customers;;Coordinate sales campaigns;;Analyse market or customer related data;;Assist customers with product selection,0.525;;0.513;;0.510;;0.505;;0.499;;0.498;;0.487;;0.485;;0.474;;0.469;;0.465;;0.461;;0.457;;0.455;;0.454;;0.450,,,1,0,,https://learning.sap.com/learning-journey/get-started-with-sap-emarsys-customer-engagement
28,Discover SAP Sales Cloud,"Sales and marketing software;;Recommend goods or services to customers;;Prepare sales or other contracts;;Direct sales, marketing or customer service activities;;Assist customers with product selection;;Business intelligence and data analysis software;;Analyse data to inform operational decisions or activities;;Take product orders;;Negotiate sales or lease agreements for goods or services;;Prepare analytical reports;;Gather customer or product information to determine customer needs;;Process sales or other transactions;;Advise customers on the use of goods or services;;Prepare operational reports;;Customise financial goods or services to meet customer needs;;Monitor sales activities;;Answer customer questions about goods or services;;Customer relationship management CRM software;;Train customers in the use of products;;Confer with customers or designers to determine order specifications;;Identify potential customers;;Coordinate sales campaigns;;Discuss goods or services information with customers or patrons;;Execute sales or other financial transactions;;Collect data about customer needs;;Provide customers with general information or assistance;;Develop content for sales presentations or other materials;;Gather information in order to provide services to clients;;Prepare technical or operational reports;;Communicate with clients about products, procedures and policies;;Negotiate prices or other sales terms;;Write operational reports;;Identify opportunities to improve operational efficiency;;Train sales staff;;Perform marketing activities;;Create marketing materials;;Obtain information about goods or services;;Study product information to acquire professional knowledge;;Prepare drawings or diagrams of goods or services;;Financial and commodities services software;;Negotiate purchases or contracts;;Develop operating strategies, plans or procedures;;Develop proposals for current or prospective customers;;Analyse market research data;;Share sales-related or market information with colleagues;;Analyse operational or research data;;Negotiate contracts for transportation, distribution or logistics services;;Develop promotional strategies or plans;;Develop promotional materials;;Calculate data to inform organisational operations;;Maintain knowledge of business operations;;Develop pricing forecasts and models;;Develop specifications for new products or processes;;Analyse data to assess operational or project effectiveness;;Explain technical product or service information to customers;;Evaluate potential of products, technologies or resources;;Materials requirements planning, logistics and supply chain software;;Record sales or transactions data;;Explain use of products or services;;Conduct market research;;Take customer orders;;Procure goods or services;;Supervise sales or support staff",0.627;;0.593;;0.588;;0.570;;0.553;;0.546;;0.542;;0.541;;0.541;;0.539;;0.536;;0.534;;0.534;;0.530;;0.530;;0.523;;0.521;;0.520;;0.517;;0.517;;0.517;;0.516;;0.515;;0.515;;0.513;;0.509;;0.509;;0.504;;0.500;;0.499;;0.498;;0.491;;0.491;;0.487;;0.486;;0.485;;0.485;;0.482;;0.477;;0.477;;0.476;;0.476;;0.473;;0.473;;0.470;;0.466;;0.466;;0.463;;0.463;;0.462;;0.461;;0.457;;0.457;;0.457;;0.457;;0.455;;0.455;;0.454;;0.453;;0.453;;0.452;;0.452;;0.451,"Sales and marketing software;;Direct sales, marketing or customer service activities;;Customer relationship management CRM software;;Provide customers with general information or assistance;;Perform marketing activities;;Coordinate sales campaigns;;Train sales staff;;Prepare sales or other contracts;;Share sales-related or market information with colleagues;;Maintain knowledge of business operations;;Identify potential customers;;Answer customer questions about goods or services;;Monitor sales activities;;Conduct market research;;Gather information in order to provide services to clients;;Advise customers on the use of goods or services;;Develop business relationships;;Collect data about customer needs;;Supervise sales or support staff;;Gather customer or product information to determine customer needs;;Execute sales or other financial transactions;;Correspond with customers to answer questions or resolve complaints;;Contact current or potential customers to promote goods or services;;Create marketing materials;;Study product information to acquire professional knowledge;;Develop content for sales presentations or other materials;;Process sales or other transactions;;Explain financial information to customers;;Sell goods or services;;Develop marketing plans or strategies;;Analyse market research data;;Train customers in the use of products;;Discuss goods or services information with customers or patrons;;Analyse market or customer related data;;Communicate organisational information to customers or other stakeholders;;Explain technical product or service information to customers;;Develop promotional strategies or plans;;Respond to customer inquiries;;Establish business management methods;;Advise customers on technical or procedural issues;;Communicate with clients about products, procedures and policies;;Maintain records of sales or other business transactions;;Negotiate sales or lease agreements for goods or services",0.624;;0.603;;0.595;;0.580;;0.561;;0.558;;0.554;;0.553;;0.553;;0.549;;0.539;;0.530;;0.527;;0.524;;0.522;;0.519;;0.510;;0.506;;0.504;;0.501;;0.495;;0.493;;0.488;;0.485;;0.482;;0.482;;0.476;;0.475;;0.475;;0.474;;0.471;;0.470;;0.469;;0.465;;0.463;;0.462;;0.461;;0.461;;0.457;;0.456;;0.455;;0.454;;0.454,6,0,,https://learning.sap.com/learning-journey/discover-sap-sales-cloud
29,Manage Production Orders in SAP S/4HANA Manufacturing,"Materials requirements planning, logistics and supply chain software;;Research industrial processes or operations;;Plan production or operational procedures or sequences;;Program equipment to perform production tasks;;Install production equipment or systems;;Maintain inventories of materials, equipment or products;;Schedule operational activities;;Maintain supply or equipment inventories;;Plan work operations;;Read work orders to determine material or setup requirements;;Schedule product or material transportation;;Coordinate logistics or other business operations;;Review work orders or schedules to determine operations or procedures;;Take product orders;;Develop diagrams or flow charts of system operation;;Confer with others to resolve production problems or equipment malfunctions;;Develop operating strategies, plans or procedures;;Confer with customers or designers to determine order specifications;;Design industrial processing systems;;Record operational or production data;;Read work orders or other instructions to determine product specifications or materials requirements;;Select production equipment according to product specifications;;Assemble products or production equipment;;Inventory management software;;Maintain production or processing equipment;;Prepare operational reports;;Manage inventories of products or organisational resources;;Coordinate logistics for productions or events;;Arrange delivery of goods or services;;Prepare operational reports or records;;Estimate material requirements for production;;Model operational processes;;Determine operational procedures;;Oversee business processes;;Prepare operational budgets;;Maintain the inventory of equipment;;Establish operational policies;;Create graphical representations of industrial production systems;;Direct operational or production activities;;Determine production equipment settings;;Prepare technical or operational reports;;Maintain knowledge of business operations;;Coordinate operational activities;;Coordinate activities of production staff;;Take customer orders;;Maintain inventory records;;Record production information;;Inspect production equipment;;Schedule equipment maintenance;;Manage operations, research or logistics projects;;Confer with technical staff to prepare designs or operational plans;;Analyse data to identify or resolve operational problems;;Plan flight operations;;Collaborate with others to determine production details;;Coordinate resource procurement activities;;Plan work procedures;;Install mechanical components in production equipment;;Monitor availability of equipment or supplies;;Direct organisational operations, projects or services;;Document operational activities",0.579;;0.564;;0.554;;0.553;;0.552;;0.540;;0.538;;0.537;;0.534;;0.526;;0.526;;0.525;;0.520;;0.517;;0.511;;0.507;;0.504;;0.501;;0.499;;0.499;;0.497;;0.495;;0.492;;0.492;;0.492;;0.490;;0.489;;0.485;;0.485;;0.484;;0.478;;0.478;;0.477;;0.476;;0.475;;0.475;;0.474;;0.474;;0.473;;0.473;;0.472;;0.472;;0.472;;0.470;;0.470;;0.469;;0.463;;0.463;;0.462;;0.462;;0.461;;0.460;;0.458;;0.458;;0.458;;0.456;;0.454;;0.454;;0.452;;0.452,,,12,0,,https://learning.sap.com/learning-journey/manage-production-orders-in-sap-s-4hana-manufacturing
30,Utilize SAP Build for Low-Code/No-Code Applications and Automations for Citizen Developers,"Software development and programming languages;;Develop software applications;;Construct patterns, templates or other work aids;;Direct design or development activities",0.495;;0.473;;0.454;;0.451,,,12,0,,https://learning.sap.com/learning-journey/utilize-sap-build-for-low-code-no-code-applications-and-automations-for-citizen-developers
31,Design Data Models and Transform Data in SAP Analytics Cloud,Calculate data to inform organisational operations;;Develop data analysis or data management procedures;;Develop procedures for data management;;Business intelligence and data analysis software;;Develop database parameters or specifications;;Analyse data to inform operational decisions or activities,0.531;;0.512;;0.498;;0.498;;0.463;;0.460,Business intelligence and data analysis software,0.483,10,0,,https://learning.sap.com/learning-journey/design-data-models-and-transform-data-in-sap-analytics-cloud
32,Get Started with In-App Extensibility in SAP S/4HANA,,,,,3,0,,https://learning.sap.com/learning-journey/get-started-with-in-app-extensibility-in-sap-s-4hana
33,Explore Fashion Functions and Business Processes in SAP S/4HANA for Fashion and Vertical Business,"Materials requirements planning, logistics and supply chain software;;Arrange delivery of goods or services;;Confer with customers or designers to determine order specifications;;Maintain inventories of materials, equipment or products;;Stock supplies, merchandise, food or drink;;Take product orders;;Sales and marketing software;;Read work orders or other instructions to determine product specifications or materials requirements;;Take customer orders;;Manage inventories of products or organisational resources;;Plan production or operational procedures or sequences;;Maintain supply or equipment inventories;;Coordinate resource procurement activities;;Read work orders to determine material or setup requirements;;Estimate material requirements for production;;Procure stocks of merchandise or supplies;;Coordinate logistics or other business operations;;Process sales or other transactions;;Gather customer or product information to determine customer needs;;Maintain inventory records;;Inventory management software;;Develop operating strategies, plans or procedures;;Stock serving stations or dining areas with food or supplies;;Customise financial goods or services to meet customer needs;;Assemble garments or textile products;;Collect data about customer needs;;Coordinate shipping activities with external parties;;Discuss goods or services information with customers or patrons;;Order materials, supplies, or equipment;;Develop procedures for data management;;Procure goods or services;;Explain use of goods or services;;Maintain the inventory of equipment;;Stock products or parts;;Execute sales or other financial transactions;;Deliver items;;Prepare sales or other contracts",0.613;;0.546;;0.533;;0.528;;0.525;;0.524;;0.522;;0.518;;0.514;;0.511;;0.509;;0.503;;0.502;;0.501;;0.498;;0.495;;0.489;;0.488;;0.485;;0.481;;0.479;;0.478;;0.478;;0.478;;0.473;;0.468;;0.462;;0.460;;0.460;;0.460;;0.459;;0.459;;0.458;;0.457;;0.454;;0.453;;0.451,"Maintain knowledge of business operations;;Direct sales, marketing or customer service activities;;Supervise sales or support staff;;Coordinate logistics or other business operations;;Oversee business processes;;Establish business management methods;;Manage operations, research or logistics projects;;Provide customers with general information or assistance;;Develop operating strategies, plans or procedures;;Manage food service operations;;Process sales or other transactions;;Advise others on business or operational matters;;Research industrial processes or operations",0.558;;0.555;;0.530;;0.523;;0.516;;0.496;;0.471;;0.464;;0.462;;0.459;;0.458;;0.454;;0.453,30,0,,https://learning.sap.com/learning-journey/explore-fashion-functions-and-business-processes-in-sap-s-4hana-for-fashion-and-vertical-business
34,Discover Retail Functions and Business Processes in SAP S/4HANA Retail,"Take product orders;;Collate or assemble product orders;;Stock supplies, merchandise, food or drink;;Maintain inventories of materials, equipment or products;;Maintain supply or equipment inventories;;Sales and marketing software;;Procure stocks of merchandise or supplies;;Stock serving stations or dining areas with food or supplies;;Take customer orders;;Coordinate logistics or other business operations;;Manage inventories of products or organisational resources;;Arrange delivery of goods or services;;Materials requirements planning, logistics and supply chain software;;Inventory management software;;Process sales or other transactions;;Manage food service operations;;Negotiate purchases or contracts;;Maintain food, drink or equipment inventories;;Customise financial goods or services to meet customer needs;;Develop operating strategies, plans or procedures;;Maintain inventory records;;Direct sales, marketing or customer service activities;;Financial and commodities services software;;Maintain the inventory of equipment;;Execute sales or other financial transactions;;Inventory materials or equipment;;Communicate with clients about products, procedures and policies;;Coordinate sales campaigns;;Distribute materials to employees or customers;;Prepare drawings or diagrams of goods or services",0.629;;0.597;;0.567;;0.556;;0.553;;0.533;;0.533;;0.527;;0.526;;0.525;;0.514;;0.503;;0.499;;0.495;;0.483;;0.480;;0.477;;0.474;;0.471;;0.465;;0.462;;0.462;;0.462;;0.461;;0.460;;0.457;;0.456;;0.454;;0.452;;0.451,Read documents to gather technical information,0.457,25,0,,https://learning.sap.com/learning-journey/discover-retail-functions-and-business-processes-in-sap-s-4hana-retail
35,Implement SAP Service Cloud,"Maintain equipment or systems to ensure proper functioning;;Arrange maintenance activities;;Schedule equipment maintenance;;Perform basic equipment maintenance;;Read technical information needed to perform maintenance or repairs;;Report maintenance or equipment problems to appropriate personnel;;Perform manual service or maintenance tasks;;Develop safety standards, policies or procedures;;Notify others of equipment repair or maintenance needs;;Maintain repair or maintenance records;;Direct maintenance or repair activities;;Maintain production or processing equipment;;Estimate maintenance service requirements or costs;;Gather information in order to provide services to clients;;Maintain work equipment or machinery;;Inspect equipment or facilities to determine condition or maintenance needs;;Maintain mechanical equipment;;Direct equipment maintenance or repair activities;;Maintain computer equipment or software;;Develop operating strategies, plans or procedures;;Maintain the inventory of equipment;;Maintain office equipment in proper operating condition;;Explain use of products or services;;Provide technical support for software maintenance or use;;Provide customers with general information or assistance;;Prepare instruction manuals;;Instruct workers to use equipment or perform technical procedures;;Establish operational policies;;Maintain food, drink or equipment inventories;;Record information about parts, materials or repair procedures;;Collect data about customer needs;;Maintain supply or equipment inventories;;Confer with others to resolve production problems or equipment malfunctions;;Plan production or operational procedures or sequences;;Maintain vehicles in good working condition;;Develop procedures for data entry or processing;;Explain technical product or service information to customers;;Apply solutions to production equipment;;Direct administrative or support services;;Direct facility maintenance or repair activities;;Clean or repair equipment, parts or tools;;Maintain inventories of materials, equipment or products;;Inspect materials or equipment to determine need for repair or replacement;;Read work orders or descriptions of problems to determine repairs or modifications needed;;Inspect facilities or equipment to ensure specifications are met;;Inspect facilities, equipment or supplies to ensure conformance to standards;;Follow safety procedures for vehicle operation;;Maintain electronic equipment;;Repair medical facility equipment;;Inspect condition, or functioning, of facilities or equipment;;Plan work procedures;;Inspect products or operations to ensure that standards are met;;Select equipment, materials or supplies for cleaning or maintenance activities;;Train staff on proper operational procedures;;Develop plans for programs or services;;Develop health care quality and safety procedures;;Gather customer or product information to determine customer needs;;Advise customers on the use of goods or services;;Calculate requirements for equipment installation or repair projects;;Investigate system, equipment or product failures;;Develop diagrams or flow charts of system operation;;Maintain laboratory or technical equipment;;Develop guidelines for system implementation;;Sales and marketing software;;Direct organisational operations, projects or services;;Maintain test equipment;;Supervise maintenance workers;;Advise customers on technical or procedural issues;;Develop procedures for data management;;Maintain water vessels or marine equipment;;Inspect equipment to ensure safety or proper functioning;;Develop contingency plans to deal with organisational emergencies;;Monitor equipment operation to ensure no flaws;;Maintain computer hardware;;Maintain medical equipment or instruments;;Maintain mining equipment;;Answer customer questions about goods or services;;Monitor equipment operation to ensure proper functioning;;Monitor operational activities to ensure compliance with regulations or standard operating procedures;;Develop computer or information security policies or procedures;;Monitor operations to ensure compliance with safety or security policies or regulations;;Discuss service options or needs with clients;;Notify others of equipment problems;;Maintain inventory of medical supplies or equipment;;Inspect industrial or commercial equipment to ensure proper operation;;Establish standards for products, processes or procedures;;Develop emergency procedures;;Oversee business processes;;Maintain client information or service records;;Operate grounds maintenance equipment;;Financial and commodities services software;;Read work orders to determine material or setup requirements;;Clean equipment or supplies;;Determine operational procedures;;Establish organisational guidelines or policies;;Customer relationship management CRM software;;Communicate with clients about products, procedures and policies;;Record service or repair activities;;Model operational processes;;Schedule operational activities;;Inspect equipment to ensure proper functioning;;Confer with technical staff to prepare designs or operational plans;;Maintain knowledge of business operations;;Identify information technology project resource requirements;;Develop operating strategies, plans or procedures for green or sustainable operations;;Train staff members in social services skills;;Consult with others regarding health and safety associated with equipment or facilities;;Plan work operations;;Provide customer service to clients or users;;Discuss goods or services information with customers or patrons;;Replace worn equipment components;;Program equipment to perform production tasks;;Coordinate operational activities;;Supervise service workers;;Clean machinery or equipment;;Maintain facilities;;Update technical knowledge",0.684;;0.678;;0.626;;0.621;;0.602;;0.598;;0.582;;0.579;;0.575;;0.574;;0.573;;0.571;;0.566;;0.566;;0.563;;0.561;;0.560;;0.547;;0.546;;0.541;;0.539;;0.537;;0.537;;0.536;;0.535;;0.529;;0.528;;0.526;;0.526;;0.526;;0.521;;0.521;;0.517;;0.515;;0.511;;0.510;;0.510;;0.508;;0.507;;0.506;;0.506;;0.505;;0.503;;0.502;;0.502;;0.502;;0.501;;0.500;;0.500;;0.499;;0.498;;0.495;;0.495;;0.490;;0.489;;0.489;;0.489;;0.489;;0.487;;0.486;;0.486;;0.485;;0.484;;0.484;;0.482;;0.482;;0.480;;0.479;;0.478;;0.478;;0.477;;0.477;;0.476;;0.475;;0.475;;0.474;;0.474;;0.473;;0.471;;0.470;;0.469;;0.468;;0.468;;0.468;;0.467;;0.466;;0.465;;0.465;;0.464;;0.464;;0.463;;0.462;;0.462;;0.461;;0.460;;0.460;;0.460;;0.460;;0.460;;0.459;;0.459;;0.459;;0.459;;0.458;;0.458;;0.457;;0.457;;0.457;;0.455;;0.455;;0.455;;0.454;;0.453;;0.453;;0.453;;0.452;;0.452,Gather information in order to provide services to clients;;Service vehicles;;Manage guest services,0.491;;0.461;;0.454,5,0,,https://learning.sap.com/learning-journey/implement-sap-service-cloud
36,Configure Your SAP Signavio Solutions,,,,,8,0,,https://learning.sap.com/learning-journey/configure-your-sap-signavio-solutions
37,Learn the Basics of SAP Fiori,,,,,20,0,,https://learning.sap.com/learning-journey/learn-the-basics-of-sap-fiori
38,Implement and Administer SAP Build Work Zone,"Direct organisational operations, projects or services;;Read work orders to determine material or setup requirements;;Develop equipment or component configurations;;Construct patterns, templates or other work aids;;Enterprise resource planning ERP software;;Plan work procedures;;Confer with technical staff to prepare designs or operational plans;;Direct technical activities or operations;;Plan work operations;;Install production equipment or systems;;Develop guidelines for system implementation",0.487;;0.473;;0.473;;0.472;;0.471;;0.469;;0.453;;0.452;;0.452;;0.451;;0.450,,,9,0,,https://learning.sap.com/learning-journey/implement-and-administer-sap-build-work-zone
39,Discover the Foundations of SAP Commerce Cloud and SAP S/4HANA Cloud Integration,,,,,4,0,,https://learning.sap.com/learning-journey/discover-the-foundations-of-sap-commerce-cloud-and-sap-s-4hana-cloud-integration
40,Managing the SAP System Landscape,Enterprise system management software,0.465,,,14,0,,https://learning.sap.com/learning-journey/managing-the-sap-system-landscape
41,Provision and Administer Databases in SAP HANA Cloud,,,,,12,0,,https://learning.sap.com/learning-journey/provision-and-administer-databases-in-sap-hana-cloud
42,Compose and automate with SAP Build the No-Code Way,"Construct patterns, templates or other work aids;;Build models, patterns or templates",0.513;;0.467,Business intelligence and data analysis software;;Enterprise application integration software;;Financial and commodities services software;;Sales and marketing software;;Develop technical or scientific databases;;Enterprise resource planning ERP software;;Analyse business or financial data;;Develop business or financial information systems,0.587;;0.502;;0.476;;0.470;;0.463;;0.462;;0.458;;0.455,4,0,,https://learning.sap.com/learning-journey/compose-and-automate-with-sap-build-the-no-code-way
43,Uncover Key Features and Benefits of SAP Marketing Cloud,Analyse market or customer related data;;Collect data about customer needs;;Sales and marketing software;;Identify potential customers;;Analyse market research data;;Customer relationship management CRM software;;Gather customer or product information to determine customer needs;;Develop marketing plans or strategies;;Perform marketing activities;;Business intelligence and data analysis software;;Gather information in order to provide services to clients;;Develop business or market strategies;;Review customer information;;Collect information about clients;;Conduct market research;;Create marketing materials;;Develop promotional strategies or plans,0.616;;0.590;;0.575;;0.559;;0.551;;0.550;;0.540;;0.536;;0.509;;0.488;;0.486;;0.479;;0.470;;0.468;;0.465;;0.464;;0.460,,,6,0,,https://learning.sap.com/learning-journey/uncover-key-features-and-benefits-of-sap-marketing-cloud
44,Explore Support and Success Essentials for SAP Cloud Solutions,,,,,3,0,,https://learning.sap.com/learning-journey/explore-support-and-success-essentials-for-sap-cloud-solutions
45,Performing Overhead Cost Controlling in SAP S/4HANA,"Manage budgets for appropriate resource allocation;;Prepare operational budgets;;Develop operating strategies, plans or procedures;;Plan production or operational procedures or sequences;;Prepare operational reports;;Develop procedures for data management;;Prepare operational reports or records;;Develop data analysis or data management procedures;;Prepare technical or operational reports;;Analyse budgetary, accounting or business data;;Calculate data to inform organisational operations;;Write operational reports;;Develop procedures for data entry or processing;;Schedule activities or facility use;;Prepare analytical reports;;Estimate operational costs;;Direct organisational operations, projects or services;;Analyse financial records to improve budgeting or planning;;Plan and manage, and analyse costs and benefits of, proposed designs or projects;;Document operational activities;;Business intelligence and data analysis software;;Plan work operations;;Plan work procedures;;Identify information technology project resource requirements;;Manage organisational or project budgets;;Manage control system activities in organisations;;Prepare operational budgets for green energy or other green operations;;Prepare financial documents, reports or budgets",0.593;;0.521;;0.517;;0.512;;0.512;;0.509;;0.495;;0.490;;0.488;;0.487;;0.485;;0.483;;0.479;;0.479;;0.473;;0.471;;0.470;;0.467;;0.460;;0.459;;0.458;;0.458;;0.456;;0.454;;0.453;;0.452;;0.451;;0.450,,,9,0,,https://learning.sap.com/learning-journey/performing-overhead-cost-controlling-in-sap-s-4hana
46,Build side-by-side extensions on SAP BTP,Enterprise resource planning ERP software;;Business intelligence and data analysis software,0.473;;0.470,,,11,0,,https://learning.sap.com/learning-journey/build-side-by-side-extensions-on-sap-btp
47,SAP Business Network Supply Chain Collaboration,"Materials requirements planning, logistics and supply chain software;;Coordinate logistics or other business operations;;Coordinate activities with suppliers, contractors, clients, or other departments",0.511;;0.480;;0.458,,,-,0,,https://learning.sap.com/learning-journey/sap-business-network-supply-chain-collaboration
48,Boost Your Career with SAP Skills,Study product information to acquire professional knowledge,0.450,,,-,0,,https://learning.sap.com/learning-journey/boost-your-career-with-sap-skills
49,Develop Applications Running on SAP BTP Using SAP HANA Cloud,,,,,12,0,,https://learning.sap.com/learning-journey/develop-applications-running-on-sap-btp-using-sap-hana-cloud
50,Introducing Cloud Security on SAP Business Technology Platform,,,Business intelligence and data analysis software;;Study product information to acquire professional knowledge;;Enterprise resource planning ERP software;;Develop business or financial information systems,0.474;;0.458;;0.456;;0.451,1,0,,https://learning.sap.com/learning-journey/introducing-cloud-security-on-sap-business-technology-platform
51,Apply AI-powered Augmented Analytics to Business Data in SAP Analytics Cloud,Business intelligence and data analysis software;;Develop pricing forecasts and models;;Analyse data to inform operational decisions or activities;;Develop data analysis or data management procedures;;Prepare data for analysis;;Prepare analytical reports,0.542;;0.522;;0.490;;0.472;;0.459;;0.451,Business intelligence and data analysis software,0.499,10,0,,https://learning.sap.com/learning-journey/apply-ai-powered-augmented-analytics-to-business-data-in-sap-analytics-cloud
52,"Develop Extensions Using SAP S/4HANA Cloud, ABAP Environment",Enterprise application integration software,0.458,,,7,0,,https://learning.sap.com/learning-journey/develop-extensions-using-sap-s-4hana-cloud-abap-environment
53,Discovering SAP Fieldglass Services Procurement,"Gather information in order to provide services to clients;;Configuration management software;;Direct organisational operations, projects or services;;Read work orders to determine material or setup requirements;;Develop operating strategies, plans or procedures",0.494;;0.488;;0.479;;0.476;;0.469,,,29,0,,https://learning.sap.com/learning-journey/discovering-sap-fieldglass-services-procurement
54,Get Started with SAP HCM Payroll,"Prepare financial documents, reports or budgets;;Payroll and time accounting software;;Prepare operational reports or records;;Enterprise resource planning ERP software;;Develop procedures for data entry or processing;;Prepare operational budgets;;Develop procedures for data management;;Accounting software;;Human resources software;;Examine financial records or processes;;Give medications or immunisations;;Prepare operational reports",0.525;;0.519;;0.487;;0.480;;0.480;;0.471;;0.467;;0.462;;0.461;;0.461;;0.458;;0.456,,,5,0,,https://learning.sap.com/learning-journey/get-started-with-sap-hcm-payroll
55,Explore the Technical Essentials of SAP Commerce Cloud,,,,,11,0,,https://learning.sap.com/learning-journey/explore-the-technical-essentials-of-sap-commerce-cloud
56,Expand upon Technical Essentials of SAP Commerce Cloud,"Develop specifications or procedures for website development or maintenance;;Maintain security;;Content workflow software;;Materials requirements planning, logistics and supply chain software;;Coordinate logistics or other business operations;;Research industrial processes or operations;;Confer with customers or designers to determine order specifications;;Develop procedures for data management;;Maintain knowledge of business operations;;Web page creation and editing software;;Develop procedures for data entry or processing;;Determine operational procedures;;Develop diagrams or flow charts of system operation;;Apply new technologies to improve work processes;;Financial and commodities services software;;Read work orders to determine material or setup requirements;;Oversee business processes;;Construct patterns, templates or other work aids;;Plan production or operational procedures or sequences;;Schedule operational activities;;Coordinate activities with suppliers, contractors, clients, or other departments;;Develop guidelines for system implementation;;Review work orders or schedules to determine operations or procedures;;Model operational processes;;Identify information technology project resource requirements;;Process sales or other transactions;;Sales and marketing software;;Develop training materials;;Develop operating strategies, plans or procedures;;Confer with technical staff to prepare designs or operational plans",0.589;;0.524;;0.519;;0.495;;0.494;;0.493;;0.490;;0.486;;0.480;;0.478;;0.477;;0.475;;0.473;;0.473;;0.472;;0.470;;0.468;;0.467;;0.465;;0.464;;0.463;;0.462;;0.457;;0.457;;0.456;;0.455;;0.454;;0.452;;0.452;;0.451,,,12,0,,https://learning.sap.com/learning-journey/expand-upon-technical-essentials-of-sap-commerce-cloud
57,"Deliver Side-by-Side Extensibility based on SAP BTP, Kyma Runtime",,,,,16,0,,https://learning.sap.com/learning-journey/deliver-side-by-side-extensibility-based-on-sap-btp-kyma-runtime
58,"Explore Supply Chain Business Scenarios in SAP S/4HANA Cloud, public edition","Materials requirements planning, logistics and supply chain software;;Inventory management software;;Coordinate logistics or other business operations;;Maintain inventories of materials, equipment or products;;Coordinate resource procurement activities;;Research industrial processes or operations;;Resolve operational performance problems;;Stock supplies, merchandise, food or drink;;Maintain supply or equipment inventories;;Plan production or operational procedures or sequences;;Manage inventories of products or organisational resources;;Gather organisational performance information;;Sales and marketing software;;Business intelligence and data analysis software;;Coordinate activities with suppliers, contractors, clients, or other departments;;Procure stocks of merchandise or supplies;;Establish business management methods;;Identify opportunities to improve operational efficiency;;Assess database performance;;Schedule product or material transportation;;Oversee business processes;;Financial and commodities services software;;Take product orders;;Manage operations, research or logistics projects;;Develop operating strategies, plans or procedures;;Monitor inventories;;Inventory materials or equipment;;Evaluate employee performance;;Execute sales or other financial transactions;;Maintain the inventory of equipment;;Track goods or materials;;Maintain inventory records;;Process sales or other transactions;;Direct organisational operations, projects or services;;Direct operational or production activities",0.575;;0.547;;0.544;;0.542;;0.524;;0.524;;0.522;;0.522;;0.519;;0.508;;0.502;;0.498;;0.495;;0.480;;0.478;;0.475;;0.472;;0.471;;0.471;;0.471;;0.471;;0.467;;0.464;;0.463;;0.462;;0.461;;0.459;;0.459;;0.455;;0.454;;0.454;;0.454;;0.454;;0.453;;0.453,,,10,0,,https://learning.sap.com/learning-journey/explore-supply-chain-business-scenarios-in-sap-s-4hana-cloud-public-edition
59,"Implement SAP S/4HANA Cloud, Public Edition for R&D Engineering","Direct quality control activities;;Establish standards for products, processes or procedures;;Materials requirements planning, logistics and supply chain software;;Research industrial processes or operations;;Develop specifications for new products or processes;;Read work orders or other instructions to determine product specifications or materials requirements;;Develop safety standards, policies or procedures;;Coordinate safety or regulatory compliance activities;;Research product safety;;Plan production or operational procedures or sequences;;Prepare regulatory or compliance documentation;;Prepare chemicals for work application;;Explain regulations, policies or procedures;;Determine operational compliance with regulations or standards;;Direct operational or production activities;;Financial and commodities services software;;Document technical specifications or requirements;;Stock products or parts;;Develop new or advanced products or production methods;;Sales and marketing software;;Inspect facilities, equipment or supplies to ensure conformance to standards;;Estimate material requirements for production;;Operate chemical processing or water treatment systems or equipment;;Assemble products or production equipment;;Develop procedures for data entry or processing;;Examine marketing materials to ensure compliance with policies or regulations;;Identify information technology project resource requirements;;Select production equipment according to product specifications;;Maintain inventories of materials, equipment or products;;Enterprise resource planning ERP software;;Build production moulds;;Direct organisational operations, projects or services;;Process library materials;;Inspect products or operations to ensure that standards are met;;Develop procedures for data management;;Business intelligence and data analysis software;;Communicate technical information to suppliers, contractors or regulatory agencies;;Direct industrial production activities;;Project management software;;Select production input materials;;Read work orders to determine material or setup requirements;;Heat material or work pieces to prepare for or complete production;;Develop diagrams or flow charts of system operation;;Schedule product or material transportation;;Manage inventories of products or organisational resources;;Develop guidelines for system implementation;;Direct technical activities or operations;;Advise others on health and safety issues;;Coordinate activities with suppliers, contractors, clients, or other departments;;Enterprise application integration software;;Determine operational criteria or specifications;;Regulatory compliance software;;Develop operating strategies, plans or procedures for green or sustainable operations;;Enterprise system management software;;Establish organisational guidelines or policies;;Model operational processes;;Package materials or products;;Evaluate applicable laws and regulations to determine impact on organisational activities;;Facilities management software;;Teach safety standards or environmental compliance methods;;Program equipment to perform production tasks;;Order materials, supplies, or equipment;;Analyse project data to determine specifications or requirements;;Monitor processes for compliance with standards;;Review documents or materials for compliance with policies or regulations;;Evaluate green operations or programs for compliance with standards or regulations;;Install production equipment or systems;;Prepare reports related to compliance matters;;Compare physical characteristics of materials or products to specifications or standards;;Develop equipment or component configurations;;Oversee business processes;;Coordinate operational activities with external stakeholders;;Prepare fabrics or materials for processing or production;;Develop health care quality and safety procedures;;Monitor the handling of hazardous materials or medical wastes;;Manage operations, research or logistics projects;;Analyse design or requirements information for mechanical equipment or systems;;Document organisational or operational procedures;;Accounting software;;Stock supplies, merchandise, food or drink;;Prepare compounds or solutions for products or testing;;Customer relationship management CRM software;;Implement organisational process or policy changes;;Procure stocks of merchandise or supplies;;Inventory management software;;Update technical knowledge",0.591;;0.583;;0.567;;0.552;;0.552;;0.546;;0.541;;0.540;;0.534;;0.531;;0.527;;0.524;;0.524;;0.519;;0.519;;0.517;;0.515;;0.515;;0.512;;0.511;;0.504;;0.501;;0.497;;0.496;;0.496;;0.496;;0.494;;0.494;;0.494;;0.493;;0.493;;0.493;;0.492;;0.489;;0.488;;0.488;;0.487;;0.486;;0.485;;0.485;;0.483;;0.481;;0.480;;0.479;;0.475;;0.475;;0.473;;0.472;;0.472;;0.471;;0.470;;0.469;;0.468;;0.468;;0.467;;0.467;;0.467;;0.466;;0.465;;0.465;;0.465;;0.465;;0.464;;0.464;;0.463;;0.463;;0.463;;0.463;;0.463;;0.463;;0.462;;0.462;;0.462;;0.460;;0.459;;0.459;;0.457;;0.456;;0.456;;0.456;;0.454;;0.452;;0.452;;0.452;;0.452;;0.450,,,40,0,,https://learning.sap.com/learning-journey/implement-sap-s-4hana-cloud-public-edition-for-r-d-engineering
60,"Implement SAP S/4HANA Cloud, Public Edition for Treasury Management","Provide customers with general information or assistance;;Discuss service options or needs with clients;;Provide customer service to clients or users;;Direct organisational operations, projects or services;;Direct administrative or support services",0.492;;0.474;;0.466;;0.465;;0.452,,,67,0,,https://learning.sap.com/learning-journey/implement-sap-s-4hana-cloud-public-edition-for-treasury-management
61,Discovering End-to-End Business Processes for the Intelligent Enterprise,Business intelligence and data analysis software;;Oversee business processes;;Maintain knowledge of business operations;;Enterprise resource planning ERP software;;Apply information technology to solve business or other applied problems;;Research industrial processes or operations;;Enterprise system management software;;Develop business or financial information systems,0.514;;0.511;;0.506;;0.501;;0.486;;0.477;;0.467;;0.457,,,22,0,,https://learning.sap.com/learning-journey/discovering-end-to-end-business-processes-for-the-intelligent-enterprise
62,Discover SAP Integrated Business Planning for Supply Chain,"Materials requirements planning, logistics and supply chain software;;Plan production or operational procedures or sequences;;Estimate demand for goods or services;;Develop operating strategies, plans or procedures;;Business intelligence and data analysis software;;Coordinate logistics or other business operations;;Inventory management software;;Collect data about customer needs;;Manage inventories of products or organisational resources;;Maintain inventories of materials, equipment or products;;Sales and marketing software;;Prepare operational budgets;;Gather customer or product information to determine customer needs;;Develop operating strategies, plans or procedures for green or sustainable operations;;Plan work operations;;Maintain supply or equipment inventories;;Analyse data to inform operational decisions or activities;;Research industrial processes or operations;;Calculate data to inform organisational operations;;Estimate material requirements for production;;Estimate costs of goods, services or materials;;Stock supplies, merchandise, food or drink;;Coordinate activities with suppliers, contractors, clients, or other departments;;Coordinate resource procurement activities;;Analyse budgetary, accounting or business data",0.570;;0.552;;0.535;;0.533;;0.532;;0.523;;0.513;;0.511;;0.497;;0.490;;0.490;;0.490;;0.488;;0.483;;0.483;;0.481;;0.471;;0.471;;0.466;;0.465;;0.464;;0.462;;0.458;;0.457;;0.455,,,10,0,,https://learning.sap.com/learning-journey/discover-sap-integrated-business-planning-for-supply-chain
63,Develop Data Models with SAP HANA Cloud,Business intelligence and data analysis software;;Analytical and scientific software;;Calculate data to inform organisational operations,0.505;;0.490;;0.477,,,16,0,,https://learning.sap.com/learning-journey/develop-data-models-with-sap-hana-cloud
64,"Implement SAP S/4HANA Cloud, Public Edition for Professional Services","Analyse data to assess operational or project effectiveness;;Analyse data to determine project feasibility;;Analyse market or customer related data;;Direct organisational operations, projects or services;;Collect data about customer needs;;Analyse project data to determine specifications or requirements;;Assess the cost effectiveness of products, projects or services;;Gather customer or product information to determine customer needs;;Identify information technology project resource requirements;;Evaluate project designs to determine adequacy or feasibility;;Plan and manage, and analyse costs and benefits of, proposed designs or projects;;Evaluate projects to determine compliance with technical specifications;;Apply information technology to solve business or other applied problems;;Investigate the environmental impact of projects;;Analyse budgetary, accounting or business data;;Develop testing routines or procedures;;Prepare project budgets;;Determine resource needs",0.547;;0.537;;0.520;;0.520;;0.503;;0.503;;0.501;;0.492;;0.491;;0.487;;0.487;;0.479;;0.471;;0.470;;0.466;;0.459;;0.456;;0.452,,,37,0,,https://learning.sap.com/learning-journey/implement-sap-s-4hana-cloud-public-edition-for-professional-services
65,Learn the Basics of ABAP Programming on SAP BTP,Develop procedures for data entry or processing,0.475,,,16,0,,https://learning.sap.com/learning-journey/learn-the-basics-of-abap-programming-on-sap-btp
66,Explore the SAP SuccessFactors Platform,"Provide customers with general information or assistance;;Enterprise resource planning ERP software;;Gather information in order to provide services to clients;;Prepare administrative documents;;Sales and marketing software;;Prepare operational reports;;Direct organisational operations, projects or services;;Customer relationship management CRM software;;Human resources software;;Direct administrative or support services;;Business intelligence and data analysis software;;Prepare technical or operational reports;;Implement organisational process or policy changes;;Prepare operational progress or status reports",0.479;;0.473;;0.470;;0.469;;0.467;;0.467;;0.466;;0.464;;0.461;;0.460;;0.459;;0.459;;0.455;;0.451,,,40,0,,https://learning.sap.com/learning-journey/explore-the-sap-successfactors-platform
67,Discover SAP S/4HANA Asset Management and SAP S/4HANA Service,"Direct administrative or support services;;Supervise service workers;;Manage food service operations;;Estimate maintenance service requirements or costs;;Inspect equipment or facilities to determine condition or maintenance needs;;Arrange maintenance activities;;Direct facility maintenance or repair activities;;Read technical information needed to perform maintenance or repairs;;Service vehicles;;Manage budgets for personal services operations;;Direct organisational operations, projects or services;;Manage guest services;;Direct maintenance or repair activities;;Perform basic equipment maintenance;;Discuss service options or needs with clients;;Direct equipment maintenance or repair activities;;Schedule equipment maintenance;;Gather information in order to provide services to clients;;Negotiate for services;;Maintain equipment or systems to ensure proper functioning;;Maintain repair or maintenance records;;Maintain client information or service records;;Report maintenance or equipment problems to appropriate personnel;;Perform manual service or maintenance tasks;;Notify others of equipment repair or maintenance needs;;Maintain work equipment or machinery;;Arrange delivery of goods or services;;Maintain production or processing equipment;;Manage control system activities in organisations;;Read work orders or descriptions of problems to determine repairs or modifications needed;;Maintain vehicles in good working condition;;Inspect materials or equipment to determine need for repair or replacement;;Coordinate operational activities;;Provide technical support for software maintenance or use;;Maintain mechanical equipment;;Train service staff;;Facilities management software;;Provide customer service to clients or users;;Coordinate logistics or other business operations;;Inspect condition, or functioning, of facilities or equipment;;Coordinate activities of food service staff;;Resolve customer complaints or problems;;Monitor operational procedures in technical environments;;Establish business management methods;;Provide customers with general information or assistance;;Inspect work sites to determine condition or necessary repairs;;Manage operations, research or logistics projects;;Monitor facilities or operational systems;;Maintain mining equipment;;Maintain office equipment in proper operating condition;;Advise customers on technical or procedural issues;;Establish operational policies;;Supervise maintenance workers;;Confer with others to resolve production problems or equipment malfunctions;;Manage health care operations;;Calculate requirements for equipment installation or repair projects;;Oversee business processes;;Inspect industrial or commercial equipment to ensure proper operation;;Record service or repair activities;;Maintain construction tools or equipment;;Communicate with customers to resolve complaints or ensure satisfaction;;Maintain knowledge of business operations;;Maintain water vessels or marine equipment;;Clean or repair equipment, parts or tools;;Correspond with customers to answer questions or resolve complaints;;Inspect facilities or equipment to ensure specifications are met;;Advise customers on the use of goods or services;;Maintain facilities;;Confer with technical staff to prepare designs or operational plans;;Manage operations of artistic or entertainment departments or organisations;;Prepare technical or operational reports;;Maintain supply or equipment inventories;;Sales and marketing software;;Maintain sustainable energy production equipment;;Confer with staff to coordinate business operations;;Monitor operational quality or safety;;Manage information technology projects or system activities;;Explain use of products or services;;Develop operating strategies, plans or procedures;;Monitor operational activities to ensure compliance with regulations or standard operating procedures;;Recommend technical design or process changes to improve efficiency, quality or performance;;Develop plans for programs or services;;Enterprise system management software;;Select equipment, materials or supplies for cleaning or maintenance activities;;Answer customer questions about goods or services;;Supervise production or support staff;;Inspect facilities, equipment or supplies to ensure conformance to standards;;Advise others on issues related to repairs, installation or equipment design;;Assess risks to business operations;;Inspect mechanical equipment to locate damage, defects or wear;;Advise others on business or operational matters;;Maintain material moving equipment in good working condition;;Confer with other staff to resolve design or operational problems;;Maintain the inventory of equipment;;Analyse data to identify or resolve operational problems;;Develop operating strategies, plans or procedures for green or sustainable operations;;Arrange services or reservations for patrons;;Prepare operational budgets;;Determine resource needs;;Prepare operational progress or status reports;;Monitor operations to ensure compliance with safety or security policies or regulations;;Consult with others regarding health and safety associated with equipment or facilities;;Prepare operational reports;;Model operational processes;;Discuss goods or services information with customers or patrons;;Distribute resources to patrons or employees;;Locate equipment or materials in need of repair or replacement;;Collect data about customer needs;;Direct activities of staff;;Hire staff;;Confer with customers or users to assess problems;;Obtain information about goods or services;;Maintain inventories of materials, equipment or products;;Apply solutions to production equipment;;Observe equipment in operation to detect potential problems;;Coordinate flight control or management activities;;Manage outreach activities;;Refer customers to appropriate staff;;Monitor equipment operation to ensure no flaws;;Respond to customer problems or complaints;;Maintain electronic equipment",0.636;;0.621;;0.620;;0.599;;0.599;;0.599;;0.595;;0.583;;0.579;;0.572;;0.572;;0.571;;0.570;;0.570;;0.566;;0.562;;0.560;;0.556;;0.555;;0.554;;0.553;;0.548;;0.545;;0.542;;0.540;;0.536;;0.535;;0.534;;0.528;;0.528;;0.527;;0.525;;0.524;;0.524;;0.522;;0.521;;0.519;;0.518;;0.515;;0.511;;0.509;;0.504;;0.503;;0.502;;0.500;;0.497;;0.497;;0.497;;0.496;;0.496;;0.496;;0.495;;0.495;;0.494;;0.493;;0.490;;0.490;;0.490;;0.488;;0.487;;0.485;;0.483;;0.482;;0.482;;0.482;;0.482;;0.481;;0.479;;0.479;;0.477;;0.476;;0.475;;0.474;;0.474;;0.473;;0.473;;0.472;;0.472;;0.472;;0.471;;0.471;;0.470;;0.468;;0.468;;0.466;;0.466;;0.466;;0.465;;0.465;;0.465;;0.462;;0.462;;0.462;;0.461;;0.461;;0.461;;0.460;;0.460;;0.460;;0.459;;0.459;;0.457;;0.456;;0.456;;0.456;;0.455;;0.454;;0.454;;0.454;;0.454;;0.453;;0.453;;0.453;;0.453;;0.452;;0.452;;0.452;;0.451;;0.451;;0.450;;0.450,,,5,0,,https://learning.sap.com/learning-journey/discover-sap-s-4hana-asset-management-and-sap-s-4hana-service
68,Explore SAP Customer Data Cloud Essentials,Collect data about customer needs;;Customer relationship management CRM software,0.511;;0.502,,,4,0,,https://learning.sap.com/learning-journey/explore-sap-customer-data-cloud-essentials
69,Learn the basics of SAP BI,"Business intelligence and data analysis software;;Prepare analytical reports;;Database reporting software;;Analyse budgetary, accounting or business data",0.600;;0.492;;0.474;;0.452,,,3,0,,https://learning.sap.com/learning-journey/learn-the-basics-of-sap-bi
70,Implement and Administer SAP Commissions,"Develop procedures for data entry or processing;;Administer compensation or benefits programs;;Calculate data to inform organisational operations;;Develop procedures for data management;;Prepare operational reports;;Prepare technical or operational reports;;Sales and marketing software;;Document technical design details;;Develop operating strategies, plans or procedures;;Write operational reports;;Plan production or operational procedures or sequences;;Prepare reports related to compliance matters;;Prepare analytical reports;;Develop data analysis or data management procedures;;Implement financial decisions;;Financial and commodities services software;;Business intelligence and data analysis software;;Plan work procedures;;Document design or development procedures;;Develop plans for programs or services;;Document organisational or operational procedures;;Develop diagrams or flow charts of system operation;;Document technical specifications or requirements;;Prepare technical reports for internal use;;Customise financial goods or services to meet customer needs;;Document operational activities;;Develop guidelines for system implementation;;Plan work operations;;Gather information in order to provide services to clients;;Identify information technology project resource requirements;;Prepare operational reports or records;;Read work orders to determine material or setup requirements;;Customer relationship management CRM software;;Evaluate reports or designs to determine work needs;;Prepare procedural documents;;Document operational procedures",0.617;;0.590;;0.538;;0.519;;0.508;;0.506;;0.499;;0.497;;0.492;;0.488;;0.484;;0.483;;0.482;;0.479;;0.476;;0.473;;0.472;;0.472;;0.470;;0.463;;0.462;;0.461;;0.460;;0.460;;0.459;;0.459;;0.457;;0.456;;0.454;;0.453;;0.452;;0.452;;0.452;;0.452;;0.452;;0.450,,,32,0,,https://learning.sap.com/learning-journey/implement-and-administer-sap-commissions
71,"Implement SAP S/4HANA Cloud, Public Edition for Warehouse Management","Obtain information about goods or services;;Balance receipts;;Track goods or materials;;Procure goods or services;;Determine the value of goods or services;;Explain use of goods or services;;Advise customers on the use of goods or services;;Merchandise health care goods or services;;Materials requirements planning, logistics and supply chain software;;Manage inventories of products or organisational resources;;Order materials, supplies, or equipment;;Present business-related information;;Research industrial processes or operations;;Maintain inventories of materials, equipment or products;;Provide customers with general information or assistance;;Collect data about customer needs;;Prepare drawings or diagrams of goods or services;;Determine operational procedures;;Study product information to acquire professional knowledge;;Gather customer or product information to determine customer needs",0.556;;0.540;;0.533;;0.498;;0.492;;0.490;;0.485;;0.477;;0.471;;0.471;;0.470;;0.468;;0.468;;0.467;;0.463;;0.462;;0.456;;0.455;;0.455;;0.454,,,38,0,,https://learning.sap.com/learning-journey/implement-sap-s-4hana-cloud-public-edition-for-warehouse-management
72,Run Business Processes with SAP Signavio Solutions,Oversee business processes;;Model operational processes;;Research industrial processes or operations;;Business intelligence and data analysis software,0.554;;0.496;;0.463;;0.455,,,9,0,,https://learning.sap.com/learning-journey/run-business-processes-with-sap-signavio-solutions
73,"Project Manage an SAP S/4HANA Cloud, Public Edition Implementation",Business intelligence and data analysis software;;Enterprise application integration software;;Enterprise resource planning ERP software,0.501;;0.488;;0.480,,,15,0,,https://learning.sap.com/learning-journey/project-manage-an-sap-s-4hana-cloud-public-edition-implementation
74,Take Action on Climate Change with SAP Product Footprint Management,"Develop operating strategies, plans or procedures for green or sustainable operations;;Develop sustainable organisational policies or practices;;Develop sustainable industrial or development methods;;Research issues related to the environment or sustainable business practices;;Develop environmental sustainability plans or projects",0.493;;0.466;;0.460;;0.451;;0.450,,,2,0,,https://learning.sap.com/learning-journey/take-action-on-climate-change-with-sap-product-footprint-management
75,Explore SAP SuccessFactors Solutions,,,,,7,0,,https://learning.sap.com/learning-journey/explore-sap-successfactors-solutions
76,Responsible Design and Production for the Circular Economy,"Develop operating strategies, plans or procedures for green or sustainable operations;;Develop sustainable industrial or development methods;;Determine plastic production methods;;Develop sustainable organisational policies or practices;;Determine plastic or rubber production methods;;Research issues related to the environment or sustainable business practices;;Evaluate logistics methods to reduce environmental impact;;Develop environmental sustainability plans or projects;;Present sustainable goods or services information to the public;;Package materials or products;;Direct environmental development activities",0.549;;0.535;;0.518;;0.517;;0.515;;0.500;;0.498;;0.490;;0.471;;0.458;;0.457,,,17,0,,https://learning.sap.com/learning-journey/responsible-design-and-production-for-the-circular-economy
77,Explore Integrated Business Processes in SAP S/4HANA,"Develop operating strategies, plans or procedures;;Plan production or operational procedures or sequences;;Establish business management methods;;Project management software;;Maintain knowledge of business operations;;Enterprise resource planning ERP software;;Document organisational or operational procedures;;Read work orders or other instructions to determine product specifications or materials requirements;;Research industrial processes or operations;;Confer with customers or designers to determine order specifications;;Oversee business processes;;Materials requirements planning, logistics and supply chain software;;Determine operational procedures;;Develop procedures for data entry or processing;;Identify information technology project resource requirements;;Develop procedures for data management;;Develop diagrams or flow charts of system operation;;Model operational processes;;Prepare drawings or diagrams of goods or services;;Develop organisational methods or procedures;;Manage information technology projects or system activities;;Read work orders to determine material or setup requirements;;Analyse project data to determine specifications or requirements;;Enterprise system management software;;Gather information in order to provide services to clients;;Plan work operations;;Document operational procedures;;Direct organisational operations, projects or services;;Communicate with clients about products, procedures and policies;;Develop operating strategies, plans or procedures for green or sustainable operations;;Develop specifications for new products or processes;;Document technical design details;;Prepare operational reports;;Determine operational criteria or specifications;;Direct technical activities or operations;;Sales and marketing software;;Plan work procedures;;Direct operational or production activities;;Prepare project budgets;;Establish standards for products, processes or procedures;;Plan and manage, and analyse costs and benefits of, proposed designs or projects;;Establish operational policies;;Document technical specifications or requirements;;Collect data about customer needs;;Develop guidelines for system implementation;;Document operational activities;;Present business-related information;;Prepare operational reports or records;;Manage organisational or project budgets;;Develop data analysis or data management procedures;;Calculate data to inform organisational operations;;Business intelligence and data analysis software;;Review work orders or schedules to determine operations or procedures;;Prepare technical or operational reports;;Communicate technical information to suppliers, contractors or regulatory agencies;;Coordinate logistics or other business operations;;Document design or development procedures;;Accounting software;;Communicate organisational information to customers or other stakeholders;;Coordinate activities with suppliers, contractors, clients, or other departments;;Manage operations, research or logistics projects;;Facilities management software;;Schedule operational activities;;Confer with technical staff to prepare designs or operational plans;;Customer relationship management CRM software;;Establish organisational guidelines or policies;;Gather customer or product information to determine customer needs;;Determine technical requirements of productions or projects;;Develop technical methods or processes;;Provide customers with general information or assistance;;Develop organisational goals or objectives;;Write operational reports;;Determine design criteria or specifications;;Review blueprints or other instructions to determine operational methods or sequences;;Develop detailed project plans;;Communicate organisational policies and procedures;;Manage scientific or technical project resources;;Analyse data to inform operational decisions or activities;;Prepare operational budgets",0.625;;0.611;;0.571;;0.558;;0.550;;0.549;;0.546;;0.541;;0.541;;0.541;;0.540;;0.539;;0.538;;0.534;;0.533;;0.533;;0.533;;0.533;;0.532;;0.530;;0.527;;0.523;;0.518;;0.515;;0.511;;0.511;;0.507;;0.507;;0.502;;0.502;;0.501;;0.500;;0.500;;0.498;;0.498;;0.497;;0.496;;0.496;;0.495;;0.490;;0.490;;0.488;;0.488;;0.487;;0.483;;0.482;;0.482;;0.481;;0.481;;0.479;;0.478;;0.475;;0.474;;0.474;;0.474;;0.473;;0.471;;0.471;;0.470;;0.470;;0.470;;0.468;;0.467;;0.464;;0.464;;0.461;;0.461;;0.461;;0.460;;0.459;;0.458;;0.458;;0.457;;0.455;;0.454;;0.454;;0.453;;0.453;;0.452,,,40,0,,https://learning.sap.com/learning-journey/explore-integrated-business-processes-in-sap-s-4hana-
78,Develop a Custom Data Warehouse on SAP HANA,Develop procedures for data management;;Business intelligence and data analysis software;;Develop data analysis or data management procedures,0.521;;0.516;;0.495,,,12,0,,https://learning.sap.com/learning-journey/develop-a-custom-data-warehouse-on-sap-hana
79,Exploring SAP S/4HANA Sales,"Sales and marketing software;;Process sales or other transactions;;Prepare sales or other contracts;;Execute sales or other financial transactions;;Direct sales, marketing or customer service activities;;Business intelligence and data analysis software;;Train sales staff;;Monitor sales activities",0.531;;0.517;;0.475;;0.475;;0.473;;0.472;;0.458;;0.456,,,4,0,,https://learning.sap.com/learning-journey/explore-sap-s-4hana-sales
80,Acquire Core ABAP Skills,,,Software development and programming languages;;Write computer programming code,0.492;;0.460,40,0,,https://learning.sap.com/learning-journey/acquire-core-abap-skills
81,Performing Consolidation with SAP S/4HANA Cloud for group reporting,"Prepare operational reports;;Write operational reports;;Analyse financial records or reports to determine state of operations;;Reconcile records of sales or other financial transactions;;Prepare operational reports or records;;Prepare analytical reports;;Analyse financial records to improve efficiency;;Prepare reports related to compliance matters;;Prepare technical or operational reports;;Analyse financial records to improve budgeting or planning;;Prepare operational budgets;;Business intelligence and data analysis software;;Develop procedures for data management;;Accounting software;;Analyse budgetary, accounting or business data;;Manage financial activities of the organisations;;Manage inventories of products or organisational resources;;Present business-related information;;Examine financial records or processes;;Implement financial decisions;;Prepare operational progress or status reports;;Coordinate logistics or other business operations;;Inventory management software;;Analyse financial information;;Calculate data to inform organisational operations;;Prepare technical reports for internal use;;Financial and commodities services software;;Develop operating strategies, plans or procedures;;Calculate financial data;;Plan production or operational procedures or sequences;;Prepare financial documents, reports or budgets;;Direct financial operations;;Stock supplies, merchandise, food or drink;;Document operational activities;;Maintain inventory records;;Maintain inventories of materials, equipment or products;;Maintain records of sales or other business transactions",0.571;;0.553;;0.546;;0.544;;0.543;;0.541;;0.540;;0.529;;0.521;;0.518;;0.502;;0.501;;0.500;;0.499;;0.486;;0.486;;0.484;;0.476;;0.474;;0.474;;0.474;;0.472;;0.471;;0.468;;0.468;;0.466;;0.464;;0.463;;0.462;;0.462;;0.460;;0.459;;0.458;;0.458;;0.455;;0.452;;0.450,,,8,0,,https://learning.sap.com/learning-journey/performing-consolidation-with-sap-s-4hana-cloud-for-group-reporting
82,"Implement SAP S/4HANA Cloud, Public Edition for Sales","Sales and marketing software;;Business intelligence and data analysis software;;Customer relationship management CRM software;;Execute sales or other financial transactions;;Provide customers with general information or assistance;;Direct administrative or support services;;Process sales or other transactions;;Develop procedures for data entry or processing;;Process customer bills or payments;;Analyse data to inform operational decisions or activities;;Financial and commodities services software;;Advise customers on the use of goods or services;;Monitor sales activities;;Gather information in order to provide services to clients;;Accounting software;;Direct organisational operations, projects or services;;Advise customers on technical or procedural issues",0.538;;0.511;;0.505;;0.496;;0.491;;0.483;;0.478;;0.475;;0.472;;0.471;;0.470;;0.459;;0.458;;0.456;;0.456;;0.454;;0.452,,,43,0,,https://learning.sap.com/learning-journey/implement-sap-s-4hana-cloud-public-edition-for-sales
83,Outlining Cost Management and Profitability Analysis in SAP S/4HANA,"Prepare operational budgets;;Estimate operational costs;;Analyse budgetary, accounting or business data;;Assess the cost effectiveness of products, projects or services;;Business intelligence and data analysis software;;Accounting software;;Estimate costs of goods, services or materials;;Develop operating strategies, plans or procedures;;Plan and manage, and analyse costs and benefits of, proposed designs or projects;;Prepare operational budgets for green energy or other green operations;;Prepare technical or operational reports;;Prepare operational reports;;Identify opportunities to improve operational efficiency;;Develop business or financial information systems;;Enterprise resource planning ERP software;;Estimate costs or terms of sales",0.520;;0.514;;0.501;;0.493;;0.492;;0.490;;0.482;;0.482;;0.472;;0.472;;0.469;;0.463;;0.458;;0.455;;0.453;;0.453,,,2,0,,https://learning.sap.com/learning-journey/outline-cost-management-and-profitability-analysis-in-sap-s-4hana
84,Introducing SAP S/4HANA Cloud for Group Reporting,"Prepare operational reports;;Manage financial activities of the organisations;;Prepare technical or operational reports;;Analyse financial records or reports to determine state of operations;;Prepare reports related to compliance matters;;Prepare operational reports or records;;Prepare analytical reports;;Analyse budgetary, accounting or business data;;Prepare technical reports for internal use;;Reconcile records of sales or other financial transactions",0.510;;0.498;;0.480;;0.479;;0.473;;0.469;;0.467;;0.461;;0.460;;0.454,"Maintain knowledge of business operations;;Examine financial records or processes;;Analyse financial records or reports to determine state of operations;;Oversee business processes;;Prepare financial documents, reports or budgets;;Conduct financial audits;;Present business-related information;;Manage financial activities of the organisations;;Develop business or financial information systems;;Analyse budgetary, accounting or business data;;Prepare financial documents;;Examine financial records;;Reconcile records of sales or other financial transactions;;Analyse business or financial data;;Develop financial analysis methods;;Analyse financial information;;Analyse financial records to improve efficiency;;Gather financial records;;Accounting software;;Establish business management methods;;Analyse financial records to improve budgeting or planning;;Monitor financial information;;Monitor external affairs or events affecting business operations;;Execute sales or other financial transactions;;Maintain records of sales or other business transactions;;Prepare operational reports or records;;Implement financial decisions;;Maintain financial or account records",0.607;;0.582;;0.562;;0.536;;0.530;;0.529;;0.528;;0.527;;0.509;;0.500;;0.499;;0.494;;0.494;;0.491;;0.487;;0.485;;0.485;;0.483;;0.479;;0.477;;0.475;;0.473;;0.466;;0.456;;0.453;;0.452;;0.451;;0.450,1,0,,https://learning.sap.com/learning-journey/introduce-sap-s-4hana-cloud-for-group-reporting
85,Develop Full-Stack Applications Using Productivity Tools in SAP Business Application Studio,Develop software applications,0.467,Develop software applications;;Software development and programming languages;;Train others in computer interface or software use;;Provide technical support for software maintenance or use;;Study product information to acquire professional knowledge;;Develop training materials;;Develop specifications or procedures for website development or maintenance;;Study scripts to determine project requirements,0.590;;0.573;;0.535;;0.495;;0.476;;0.466;;0.459;;0.453,8,0,,https://learning.sap.com/learning-journey/develop-full-stack-applications-using-productivity-tools-in-sap-business-application-studio
86,Create R Visualizations in SAP Analytics Cloud,,,Business intelligence and data analysis software,0.499,2,0,,https://learning.sap.com/learning-journey/create-r-visualizations-in-sap-analytics-cloud
87,Discover Organizational Change Management for SAP Cloud Projects,"Direct organisational operations, projects or services;;Implement organisational process or policy changes",0.484;;0.466,,,3,0,,https://learning.sap.com/learning-journey/discover-organizational-change-management-for-sap-cloud-projects
88,Explore the Lead to Cash Business Process in SAP Customer Experience,Business intelligence and data analysis software;;Enterprise resource planning ERP software;;Sales and marketing software,0.487;;0.466;;0.451,,,1,0,,https://learning.sap.com/learning-journey/explore-the-lead-to-cash-business-process-in-sap-customer-experience
89,Design Business Processes with SAP Signavio Solutions,Oversee business processes,0.503,,,9,0,,https://learning.sap.com/learning-journey/design-business-processes-with-sap-signavio-solutions
